{
  "generatedAt": "2026-06-09T05:45:49.236Z",
  "uniqueTexts": 52,
  "totalTexts": 52,
  "models": {
    "openai-large": {
      "name": "OpenAI text-embedding-3-large",
      "provider": "openai",
      "dims": 3072,
      "elapsed": 2.4,
      "apiCalls": 52,
      "costPer1M": 0.13,
      "closeAvg": 0.74600646940106,
      "closeMin": 0.6532370401492673,
      "closeMax": 0.8763074095673233,
      "closeStd": 0.07201532964218893,
      "farAvg": 0.19376105668364327,
      "farMin": 0.1318773051072373,
      "farMax": 0.26075604209413505,
      "farStd": 0.04264473812448795,
      "margin": 0.5522454127174167,
      "rankCorrect": 4,
      "rankTotal": 4,
      "rankGap": 0.4484373916171286,
      "score": 0.6763310838528315
    },
    "openai-small": {
      "name": "OpenAI text-embedding-3-small",
      "provider": "openai",
      "dims": 1536,
      "elapsed": 0.6,
      "apiCalls": 52,
      "costPer1M": 0.02,
      "closeAvg": 0.6791607822002487,
      "closeMin": 0.5502693433934284,
      "closeMax": 0.8269662791490595,
      "closeStd": 0.09117868344512657,
      "farAvg": 0.13981118978787824,
      "farMin": -0.005008629355713887,
      "farMax": 0.26967239675274174,
      "farStd": 0.08196182204205815,
      "margin": 0.5393495924123705,
      "rankCorrect": 4,
      "rankTotal": 4,
      "rankGap": 0.5300116963907919,
      "score": 0.7003036029738459
    },
    "yandex-search-doc": {
      "name": "Yandex text-search-doc",
      "provider": "yandex",
      "dims": 256,
      "elapsed": 8.6,
      "apiCalls": 52,
      "costPer1M": 0.0014,
      "closeAvg": 0.8989781652846018,
      "closeMin": 0.7921438330503939,
      "closeMax": 0.9722293278078191,
      "closeStd": 0.054086603570029285,
      "farAvg": 0.47353223816502554,
      "farMin": 0.4046258984347938,
      "farMax": 0.5776025204597671,
      "farStd": 0.05222173252948727,
      "margin": 0.4254459271195763,
      "rankCorrect": 4,
      "rankTotal": 4,
      "rankGap": 0.4048707751118978,
      "score": 0.5790939325450722
    },
    "yandex-search-query": {
      "name": "Yandex text-search-query",
      "provider": "yandex",
      "dims": 256,
      "elapsed": 8.5,
      "apiCalls": 52,
      "costPer1M": 0.0014,
      "closeAvg": 0.8664192734775653,
      "closeMin": 0.7191879360338963,
      "closeMax": 0.9662815204213502,
      "closeStd": 0.0734978934707739,
      "farAvg": 0.34973165400911027,
      "farMin": 0.25258568740142007,
      "farMax": 0.49583833085155604,
      "farStd": 0.06766133598775947,
      "margin": 0.5166876194684551,
      "rankCorrect": 4,
      "rankTotal": 4,
      "rankGap": 0.4868859157447062,
      "score": 0.6501023976487693
    },
    "yandex-v2-doc": {
      "name": "Yandex text-embeddings-v2-doc",
      "provider": "yandex",
      "dims": 256,
      "elapsed": 8.8,
      "apiCalls": 52,
      "costPer1M": 0.0014,
      "closeAvg": 0.9026712841384723,
      "closeMin": 0.8162778485999574,
      "closeMax": 0.9682858099315316,
      "closeStd": 0.04073956153617811,
      "farAvg": 0.5680913446511902,
      "farMin": 0.4972637221119019,
      "farMax": 0.6659390455267465,
      "farStd": 0.04783895008964506,
      "margin": 0.33457993948728215,
      "rankCorrect": 4,
      "rankTotal": 4,
      "rankGap": 0.39318714781905517,
      "score": 0.530186064077634
    },
    "yandex-rag": {
      "name": "Yandex RAG (query→doc)",
      "provider": "yandex-rag",
      "dims": 256,
      "elapsed": 8.4,
      "apiCalls": 52,
      "costPer1M": 0.0014,
      "closeAvg": 0.8664192734775653,
      "closeMin": 0.7191879360338963,
      "closeMax": 0.9662815204213502,
      "closeStd": 0.0734978934707739,
      "farAvg": 0.47353223816502554,
      "farMin": 0.4046258984347938,
      "farMax": 0.5776025204597671,
      "farStd": 0.05222173252948727,
      "margin": 0.39288703531253977,
      "rankCorrect": 4,
      "rankTotal": 4,
      "rankGap": 0.4454294529773274,
      "score": 0.577837989878967
    },
    "qwen-8b": {
      "name": "Qwen3-Embedding-8B (v4, 1024d)",
      "provider": "qwen",
      "dims": 1024,
      "elapsed": 5.3,
      "apiCalls": 52,
      "costPer1M": 0.07,
      "closeAvg": 0.7131164677594066,
      "closeMin": 0.5912764250322667,
      "closeMax": 0.9010652044991123,
      "closeStd": 0.09181298230251717,
      "farAvg": 0.10005939404575039,
      "farMin": 0.04161699046714321,
      "farMax": 0.1664614853769369,
      "farStd": 0.049092962009249855,
      "margin": 0.6130570737136563,
      "rankCorrect": 4,
      "rankTotal": 4,
      "rankGap": 0.5072476230028486,
      "score": 0.7263729724436293
    },
    "qwen-4b": {
      "name": "Qwen3-Embedding-4B (v4, 768d)",
      "provider": "qwen",
      "dims": 768,
      "elapsed": 4.2,
      "apiCalls": 52,
      "costPer1M": 0.07,
      "closeAvg": 0.7190810244931684,
      "closeMin": 0.6011516717621842,
      "closeMax": 0.904511826280726,
      "closeStd": 0.09043393600717643,
      "farAvg": 0.09695980782427784,
      "farMin": 0.029539188666592647,
      "farMax": 0.1669656106617036,
      "farStd": 0.04930449719846454,
      "margin": 0.6221212166688905,
      "rankCorrect": 4,
      "rankTotal": 4,
      "rankGap": 0.509912466137023,
      "score": 0.7306765711947257
    },
    "qwen-06b": {
      "name": "Qwen3-Embedding-0.6B (v4, 512d)",
      "provider": "qwen",
      "dims": 512,
      "elapsed": 3.8,
      "apiCalls": 52,
      "costPer1M": 0.07,
      "closeAvg": 0.7140586792475161,
      "closeMin": 0.5898083573538426,
      "closeMax": 0.8966612975030596,
      "closeStd": 0.09395689820729151,
      "farAvg": 0.08415603151033076,
      "farMin": 0.00159770697478756,
      "farMax": 0.15250647981426205,
      "farStd": 0.04908621018729223,
      "margin": 0.6299026477371853,
      "rankCorrect": 4,
      "rankTotal": 4,
      "rankGap": 0.5383932940592764,
      "score": 0.7424408454962843
    }
  }
}